{
    "v": "5.5.7",
    "fr": 29.9700012207031,
    "ip": 0,
    "op": 69.0000028104276,
    "w": 1920,
    "h": 1080,
    "nm": "Animation2",
    "ddd": 0,
    "assets": [],
    "layers": [
      {
        "ddd": 0,
        "ind": 1,
        "ty": 3,
        "nm": "Null 1",
        "sr": 1,
        "ks": {
          "o": { "a": 0, "k": 0, "ix": 11 },
          "r": {
            "a": 1,
            "k": [
              {
                "i": { "x": [0.833], "y": [0.833] },
                "o": { "x": [0.74], "y": [0] },
                "t": 0,
                "s": [0]
              },
              {
                "i": { "x": [0.833], "y": [0.833] },
                "o": { "x": [0.167], "y": [0.167] },
                "t": 29,
                "s": [-45]
              },
              { "t": 70.0000028511585, "s": [0] }
            ],
            "ix": 10
          },
          "p": { "a": 0, "k": [960, 540, 0], "ix": 2 },
          "a": { "a": 0, "k": [0, 0, 0], "ix": 1 },
          "s": { "a": 0, "k": [100, 100, 100], "ix": 6 }
        },
        "ao": 0,
        "ip": 0,
        "op": 900.000036657751,
        "st": 0,
        "bm": 0
      },
      {
        "ddd": 0,
        "ind": 2,
        "ty": 4,
        "nm": "Circulo1",
        "parent": 1,
        "sr": 1,
        "ks": {
          "o": { "a": 0, "k": 100, "ix": 11 },
          "r": {
            "a": 1,
            "k": [
              {
                "i": { "x": [0.833], "y": [0.833] },
                "o": { "x": [0.604], "y": [0.605] },
                "t": 16,
                "s": [0]
              },
              { "t": 46.0000018736184, "s": [360] }
            ],
            "ix": 10
          },
          "p": { "a": 0, "k": [0, 0, 0], "ix": 2 },
          "a": { "a": 0, "k": [0, 0, 0], "ix": 1 },
          "s": { "a": 0, "k": [100, 100, 100], "ix": 6 }
        },
        "ao": 0,
        "shapes": [
          {
            "ty": "gr",
            "it": [
              {
                "d": 1,
                "ty": "el",
                "s": { "a": 0, "k": [40, 40], "ix": 2 },
                "p": { "a": 0, "k": [0, 0], "ix": 3 },
                "nm": "Ellipse Path 1",
                "mn": "ADBE Vector Shape - Ellipse",
                "hd": false
              },
              {
                "ty": "st",
                "c": { "a": 0, "k": [1, 1, 1, 1], "ix": 3 },
                "o": { "a": 0, "k": 100, "ix": 4 },
                "w": { "a": 0, "k": 0, "ix": 5 },
                "lc": 1,
                "lj": 1,
                "ml": 4,
                "bm": 0,
                "nm": "Stroke 1",
                "mn": "ADBE Vector Graphic - Stroke",
                "hd": false
              },
              {
                "ty": "fl",
                "c": {
                  "a": 1,
                  "k": [
                    {
                      "i": { "x": [0.833], "y": [0.833] },
                      "o": { "x": [0.167], "y": [0.167] },
                      "t": 0,
                      "s": [0.980392217636, 0.72549021244, 0.35686275363, 1]
                    },
                    {
                      "i": { "x": [0.833], "y": [0.833] },
                      "o": { "x": [0.167], "y": [0.167] },
                      "t": 15,
                      "s": [0.960784375668, 0.337254911661, 0.305882364511, 1]
                    },
                    {
                      "i": { "x": [0.833], "y": [0.833] },
                      "o": { "x": [0.167], "y": [0.167] },
                      "t": 30,
                      "s": [0.172549024224, 0.349019616842, 0.686274528503, 1]
                    },
                    {
                      "t": 44.0000017921567,
                      "s": [0.980392217636, 0.72549021244, 0.35686275363, 1]
                    }
                  ],
                  "ix": 4
                },
                "o": { "a": 0, "k": 100, "ix": 5 },
                "r": 1,
                "bm": 0,
                "nm": "Fill 1",
                "mn": "ADBE Vector Graphic - Fill",
                "hd": false
              },
              {
                "ty": "tr",
                "p": { "a": 0, "k": [0, -210], "ix": 2 },
                "a": { "a": 0, "k": [0, 0], "ix": 1 },
                "s": { "a": 0, "k": [100, 100], "ix": 3 },
                "r": { "a": 0, "k": 0, "ix": 6 },
                "o": { "a": 0, "k": 100, "ix": 7 },
                "sk": { "a": 0, "k": 0, "ix": 4 },
                "sa": { "a": 0, "k": 0, "ix": 5 },
                "nm": "Transform"
              }
            ],
            "nm": "Ellipse 1",
            "np": 3,
            "cix": 2,
            "bm": 0,
            "ix": 1,
            "mn": "ADBE Vector Group",
            "hd": false
          }
        ],
        "ip": 16.0000006516934,
        "op": 916.000037309445,
        "st": 16.0000006516934,
        "bm": 0
      },
      {
        "ddd": 0,
        "ind": 3,
        "ty": 4,
        "nm": "Circulo5",
        "parent": 1,
        "sr": 1,
        "ks": {
          "o": { "a": 0, "k": 100, "ix": 11 },
          "r": {
            "a": 1,
            "k": [
              {
                "i": { "x": [0.833], "y": [0.833] },
                "o": { "x": [0.604], "y": [0.605] },
                "t": 12,
                "s": [0]
              },
              { "t": 42.0000017106951, "s": [360] }
            ],
            "ix": 10
          },
          "p": { "a": 0, "k": [0, 0, 0], "ix": 2 },
          "a": { "a": 0, "k": [0, 0, 0], "ix": 1 },
          "s": { "a": 0, "k": [100, 100, 100], "ix": 6 }
        },
        "ao": 0,
        "shapes": [
          {
            "ty": "gr",
            "it": [
              {
                "d": 1,
                "ty": "el",
                "s": { "a": 0, "k": [55, 55], "ix": 2 },
                "p": { "a": 0, "k": [0, 0], "ix": 3 },
                "nm": "Ellipse Path 1",
                "mn": "ADBE Vector Shape - Ellipse",
                "hd": false
              },
              {
                "ty": "st",
                "c": { "a": 0, "k": [1, 1, 1, 1], "ix": 3 },
                "o": { "a": 0, "k": 100, "ix": 4 },
                "w": { "a": 0, "k": 0, "ix": 5 },
                "lc": 1,
                "lj": 1,
                "ml": 4,
                "bm": 0,
                "nm": "Stroke 1",
                "mn": "ADBE Vector Graphic - Stroke",
                "hd": false
              },
              {
                "ty": "fl",
                "c": {
                  "a": 1,
                  "k": [
                    {
                      "i": { "x": [0.833], "y": [0.833] },
                      "o": { "x": [0.167], "y": [0.167] },
                      "t": 1,
                      "s": [0.980392217636, 0.72549021244, 0.35686275363, 1]
                    },
                    {
                      "i": { "x": [0.833], "y": [0.833] },
                      "o": { "x": [0.167], "y": [0.167] },
                      "t": 15,
                      "s": [0.960784375668, 0.337254911661, 0.305882364511, 1]
                    },
                    {
                      "i": { "x": [0.833], "y": [0.833] },
                      "o": { "x": [0.167], "y": [0.167] },
                      "t": 30,
                      "s": [0.172549024224, 0.349019616842, 0.686274528503, 1]
                    },
                    {
                      "t": 44.0000017921567,
                      "s": [0.980392217636, 0.72549021244, 0.35686275363, 1]
                    }
                  ],
                  "ix": 4
                },
                "o": { "a": 0, "k": 100, "ix": 5 },
                "r": 1,
                "bm": 0,
                "nm": "Fill 1",
                "mn": "ADBE Vector Graphic - Fill",
                "hd": false
              },
              {
                "ty": "tr",
                "p": { "a": 0, "k": [0, -210], "ix": 2 },
                "a": { "a": 0, "k": [0, 0], "ix": 1 },
                "s": { "a": 0, "k": [100, 100], "ix": 3 },
                "r": { "a": 0, "k": 0, "ix": 6 },
                "o": { "a": 0, "k": 100, "ix": 7 },
                "sk": { "a": 0, "k": 0, "ix": 4 },
                "sa": { "a": 0, "k": 0, "ix": 5 },
                "nm": "Transform"
              }
            ],
            "nm": "Ellipse 1",
            "np": 3,
            "cix": 2,
            "bm": 0,
            "ix": 1,
            "mn": "ADBE Vector Group",
            "hd": false
          }
        ],
        "ip": 12.00000048877,
        "op": 912.000037146522,
        "st": 12.00000048877,
        "bm": 0
      },
      {
        "ddd": 0,
        "ind": 4,
        "ty": 4,
        "nm": "Circulo4",
        "parent": 1,
        "sr": 1,
        "ks": {
          "o": { "a": 0, "k": 100, "ix": 11 },
          "r": {
            "a": 1,
            "k": [
              {
                "i": { "x": [0.833], "y": [0.833] },
                "o": { "x": [0.604], "y": [0.605] },
                "t": 8,
                "s": [0]
              },
              { "t": 38.0000015477717, "s": [360] }
            ],
            "ix": 10
          },
          "p": { "a": 0, "k": [0, 0, 0], "ix": 2 },
          "a": { "a": 0, "k": [0, 0, 0], "ix": 1 },
          "s": { "a": 0, "k": [100, 100, 100], "ix": 6 }
        },
        "ao": 0,
        "shapes": [
          {
            "ty": "gr",
            "it": [
              {
                "d": 1,
                "ty": "el",
                "s": { "a": 0, "k": [70, 70], "ix": 2 },
                "p": { "a": 0, "k": [0, 0], "ix": 3 },
                "nm": "Ellipse Path 1",
                "mn": "ADBE Vector Shape - Ellipse",
                "hd": false
              },
              {
                "ty": "st",
                "c": { "a": 0, "k": [1, 1, 1, 1], "ix": 3 },
                "o": { "a": 0, "k": 100, "ix": 4 },
                "w": { "a": 0, "k": 0, "ix": 5 },
                "lc": 1,
                "lj": 1,
                "ml": 4,
                "bm": 0,
                "nm": "Stroke 1",
                "mn": "ADBE Vector Graphic - Stroke",
                "hd": false
              },
              {
                "ty": "fl",
                "c": {
                  "a": 1,
                  "k": [
                    {
                      "i": { "x": [0.833], "y": [0.833] },
                      "o": { "x": [0.167], "y": [0.167] },
                      "t": 1,
                      "s": [0.980392217636, 0.72549021244, 0.35686275363, 1]
                    },
                    {
                      "i": { "x": [0.833], "y": [0.833] },
                      "o": { "x": [0.167], "y": [0.167] },
                      "t": 15,
                      "s": [0.960784375668, 0.337254911661, 0.305882364511, 1]
                    },
                    {
                      "i": { "x": [0.833], "y": [0.833] },
                      "o": { "x": [0.167], "y": [0.167] },
                      "t": 30,
                      "s": [0.172549024224, 0.349019616842, 0.686274528503, 1]
                    },
                    {
                      "t": 44.0000017921567,
                      "s": [0.980392217636, 0.72549021244, 0.35686275363, 1]
                    }
                  ],
                  "ix": 4
                },
                "o": { "a": 0, "k": 100, "ix": 5 },
                "r": 1,
                "bm": 0,
                "nm": "Fill 1",
                "mn": "ADBE Vector Graphic - Fill",
                "hd": false
              },
              {
                "ty": "tr",
                "p": { "a": 0, "k": [0, -210], "ix": 2 },
                "a": { "a": 0, "k": [0, 0], "ix": 1 },
                "s": { "a": 0, "k": [100, 100], "ix": 3 },
                "r": { "a": 0, "k": 0, "ix": 6 },
                "o": { "a": 0, "k": 100, "ix": 7 },
                "sk": { "a": 0, "k": 0, "ix": 4 },
                "sa": { "a": 0, "k": 0, "ix": 5 },
                "nm": "Transform"
              }
            ],
            "nm": "Ellipse 1",
            "np": 3,
            "cix": 2,
            "bm": 0,
            "ix": 1,
            "mn": "ADBE Vector Group",
            "hd": false
          }
        ],
        "ip": 8.00000032584668,
        "op": 908.000036983598,
        "st": 8.00000032584668,
        "bm": 0
      },
      {
        "ddd": 0,
        "ind": 5,
        "ty": 4,
        "nm": "Circulo3",
        "parent": 1,
        "sr": 1,
        "ks": {
          "o": { "a": 0, "k": 100, "ix": 11 },
          "r": {
            "a": 1,
            "k": [
              {
                "i": { "x": [0.833], "y": [0.833] },
                "o": { "x": [0.604], "y": [0.605] },
                "t": 4,
                "s": [0]
              },
              { "t": 34.0000013848484, "s": [360] }
            ],
            "ix": 10
          },
          "p": { "a": 0, "k": [0, 0, 0], "ix": 2 },
          "a": { "a": 0, "k": [0, 0, 0], "ix": 1 },
          "s": { "a": 0, "k": [100, 100, 100], "ix": 6 }
        },
        "ao": 0,
        "shapes": [
          {
            "ty": "gr",
            "it": [
              {
                "d": 1,
                "ty": "el",
                "s": { "a": 0, "k": [80, 80], "ix": 2 },
                "p": { "a": 0, "k": [0, 0], "ix": 3 },
                "nm": "Ellipse Path 1",
                "mn": "ADBE Vector Shape - Ellipse",
                "hd": false
              },
              {
                "ty": "st",
                "c": { "a": 0, "k": [1, 1, 1, 1], "ix": 3 },
                "o": { "a": 0, "k": 100, "ix": 4 },
                "w": { "a": 0, "k": 0, "ix": 5 },
                "lc": 1,
                "lj": 1,
                "ml": 4,
                "bm": 0,
                "nm": "Stroke 1",
                "mn": "ADBE Vector Graphic - Stroke",
                "hd": false
              },
              {
                "ty": "fl",
                "c": {
                  "a": 1,
                  "k": [
                    {
                      "i": { "x": [0.833], "y": [0.833] },
                      "o": { "x": [0.167], "y": [0.167] },
                      "t": 1,
                      "s": [0.980392217636, 0.72549021244, 0.35686275363, 1]
                    },
                    {
                      "i": { "x": [0.833], "y": [0.833] },
                      "o": { "x": [0.167], "y": [0.167] },
                      "t": 15,
                      "s": [0.960784375668, 0.337254911661, 0.305882364511, 1]
                    },
                    {
                      "i": { "x": [0.833], "y": [0.833] },
                      "o": { "x": [0.167], "y": [0.167] },
                      "t": 30,
                      "s": [0.172549024224, 0.349019616842, 0.686274528503, 1]
                    },
                    {
                      "t": 44.0000017921567,
                      "s": [0.980392217636, 0.72549021244, 0.35686275363, 1]
                    }
                  ],
                  "ix": 4
                },
                "o": { "a": 0, "k": 100, "ix": 5 },
                "r": 1,
                "bm": 0,
                "nm": "Fill 1",
                "mn": "ADBE Vector Graphic - Fill",
                "hd": false
              },
              {
                "ty": "tr",
                "p": { "a": 0, "k": [0, -210], "ix": 2 },
                "a": { "a": 0, "k": [0, 0], "ix": 1 },
                "s": { "a": 0, "k": [100, 100], "ix": 3 },
                "r": { "a": 0, "k": 0, "ix": 6 },
                "o": { "a": 0, "k": 100, "ix": 7 },
                "sk": { "a": 0, "k": 0, "ix": 4 },
                "sa": { "a": 0, "k": 0, "ix": 5 },
                "nm": "Transform"
              }
            ],
            "nm": "Ellipse 1",
            "np": 3,
            "cix": 2,
            "bm": 0,
            "ix": 1,
            "mn": "ADBE Vector Group",
            "hd": false
          }
        ],
        "ip": 4.00000016292334,
        "op": 904.000036820675,
        "st": 4.00000016292334,
        "bm": 0
      },
      {
        "ddd": 0,
        "ind": 6,
        "ty": 4,
        "nm": "Circulo2",
        "parent": 1,
        "sr": 1,
        "ks": {
          "o": { "a": 0, "k": 100, "ix": 11 },
          "r": {
            "a": 1,
            "k": [
              {
                "i": { "x": [0.833], "y": [0.833] },
                "o": { "x": [0.604], "y": [0.605] },
                "t": 0,
                "s": [0]
              },
              { "t": 30.0000012219251, "s": [360] }
            ],
            "ix": 10
          },
          "p": { "a": 0, "k": [0, 0, 0], "ix": 2 },
          "a": { "a": 0, "k": [0, 0, 0], "ix": 1 },
          "s": { "a": 0, "k": [100, 100, 100], "ix": 6 }
        },
        "ao": 0,
        "shapes": [
          {
            "ty": "gr",
            "it": [
              {
                "d": 1,
                "ty": "el",
                "s": {
                  "a": 1,
                  "k": [
                    {
                      "i": { "x": [0.833, 0.833], "y": [0.833, 0.833] },
                      "o": { "x": [0.167, 0.167], "y": [0.167, 0.167] },
                      "t": -4,
                      "s": [80, 80]
                    },
                    {
                      "i": { "x": [0.833, 0.833], "y": [0.833, 0.833] },
                      "o": { "x": [0.167, 0.167], "y": [0.167, 0.167] },
                      "t": 0,
                      "s": [100, 100]
                    },
                    {
                      "i": { "x": [0.833, 0.833], "y": [0.833, 0.833] },
                      "o": { "x": [0.167, 0.167], "y": [0.167, 0.167] },
                      "t": 17,
                      "s": [80, 80]
                    },
                    {
                      "i": { "x": [0.833, 0.833], "y": [0.833, 0.833] },
                      "o": { "x": [0.167, 0.167], "y": [0.167, 0.167] },
                      "t": 30,
                      "s": [80, 80]
                    },
                    { "t": 33.0000013441176, "s": [100, 100] }
                  ],
                  "ix": 2
                },
                "p": { "a": 0, "k": [0, 0], "ix": 3 },
                "nm": "Ellipse Path 1",
                "mn": "ADBE Vector Shape - Ellipse",
                "hd": false
              },
              {
                "ty": "st",
                "c": { "a": 0, "k": [1, 1, 1, 1], "ix": 3 },
                "o": { "a": 0, "k": 100, "ix": 4 },
                "w": { "a": 0, "k": 0, "ix": 5 },
                "lc": 1,
                "lj": 1,
                "ml": 4,
                "bm": 0,
                "nm": "Stroke 1",
                "mn": "ADBE Vector Graphic - Stroke",
                "hd": false
              },
              {
                "ty": "fl",
                "c": {
                  "a": 1,
                  "k": [
                    {
                      "i": { "x": [0.833], "y": [0.833] },
                      "o": { "x": [0.167], "y": [0.167] },
                      "t": 1,
                      "s": [0.980392217636, 0.72549021244, 0.35686275363, 1]
                    },
                    {
                      "i": { "x": [0.833], "y": [0.833] },
                      "o": { "x": [0.167], "y": [0.167] },
                      "t": 15,
                      "s": [0.960784375668, 0.337254911661, 0.305882364511, 1]
                    },
                    {
                      "i": { "x": [0.833], "y": [0.833] },
                      "o": { "x": [0.167], "y": [0.167] },
                      "t": 30,
                      "s": [0.172549024224, 0.349019616842, 0.686274528503, 1]
                    },
                    {
                      "t": 44.0000017921567,
                      "s": [0.980392217636, 0.72549021244, 0.35686275363, 1]
                    }
                  ],
                  "ix": 4
                },
                "o": { "a": 0, "k": 100, "ix": 5 },
                "r": 1,
                "bm": 0,
                "nm": "Fill 1",
                "mn": "ADBE Vector Graphic - Fill",
                "hd": false
              },
              {
                "ty": "tr",
                "p": { "a": 0, "k": [0, -210], "ix": 2 },
                "a": { "a": 0, "k": [0, 0], "ix": 1 },
                "s": { "a": 0, "k": [100, 100], "ix": 3 },
                "r": { "a": 0, "k": 0, "ix": 6 },
                "o": { "a": 0, "k": 100, "ix": 7 },
                "sk": { "a": 0, "k": 0, "ix": 4 },
                "sa": { "a": 0, "k": 0, "ix": 5 },
                "nm": "Transform"
              }
            ],
            "nm": "Ellipse 1",
            "np": 3,
            "cix": 2,
            "bm": 0,
            "ix": 1,
            "mn": "ADBE Vector Group",
            "hd": false
          }
        ],
        "ip": 0,
        "op": 900.000036657751,
        "st": 0,
        "bm": 0
      }
    ],
    "markers": []
  }